[
{"cliente":"MEDQUIMICA","codfilial":3,"codprod":9091,"ean":7896862980047,"codfab":"107","produto":"AEROMED (SALBUTAMOL) XPE 120ML","qt_cx_master":40,"estoque":367,"pendencia":0,"venda_mesatual":39,"qtvendmes1":118,"qtvendmes2":165,"qtvendmes3":86,"marca":"MEDQUIMICA","lista":"PO","ncm":"30049039.","codfornec":3263,"fornecedor":"MEDQUIMICA-INDUSTRIA FARMACEUTICA L","precofab":7.33,"vlultent":1.558014},
{"cliente":"MEDQUIMICA","codfilial":3,"codprod":142875,"ean":7896862910105,"codfab":"66","produto":"ASMED ADT 500MG 200 CPR 20X10 MEDQUIMICA","qt_cx_master":24,"estoque":19,"pendencia":0,"venda_mesatual":12,"qtvendmes1":5,"qtvendmes2":14,"qtvendmes3":9,"marca":"MEDQUIMICA","lista":"NG","ncm":"30049024.2","codfornec":3263,"fornecedor":"MEDQUIMICA-INDUSTRIA FARMACEUTICA L","precofab":54.7,"vlultent":12.4},
{"cliente":"MEDQUIMICA","codfilial":3,"codprod":131601,"ean":7896862910372,"codfab":"70","produto":"ASMED INF 100MG 200 (20 X10) CPR","qt_cx_master":50,"estoque":270,"pendencia":0,"venda_mesatual":40,"qtvendmes1":64,"qtvendmes2":205,"qtvendmes3":53,"marca":"MEDQUIMICA","lista":"NG","ncm":"30049024.2","codfornec":3263,"fornecedor":"MEDQUIMICA-INDUSTRIA FARMACEUTICA L","precofab":24.8,"vlultent":4.3510159999999996},
{"cliente":"MEDQUIMICA","codfilial":3,"codprod":149691,"ean":7896862990084,"codfab":"7981","produto":"ASSEPMED (CLOREXIDINA) 1% 30ML","qt_cx_master":200,"estoque":135,"pendencia":0,"venda_mesatual":10,"qtvendmes1":42,"qtvendmes2":38,"qtvendmes3":0,"marca":"MEDQUIMICA","lista":"NG","ncm":"30049047.2","codfornec":3263,"fornecedor":"MEDQUIMICA-INDUSTRIA FARMACEUTICA L","precofab":6.5,"vlultent":1.1577},
{"cliente":"MEDQUIMICA","codfilial":3,"codprod":149705,"ean":7896862990091,"codfab":"7980","produto":"ASSEPMED (CLOREXIDINA) 1% SPRAY 50ML","qt_cx_master":40,"estoque":120,"pendencia":0,"venda_mesatual":81,"qtvendmes1":6,"qtvendmes2":72,"qtvendmes3":0,"marca":"MEDQUIMICA","lista":"NG","ncm":"30049047.2","codfornec":3263,"fornecedor":"MEDQUIMICA-INDUSTRIA FARMACEUTICA L","precofab":11.1,"vlultent":2.1754249999999997},
{"cliente":"MEDQUIMICA","codfilial":3,"codprod":127434,"ean":7896862910709,"codfab":"17","produto":"AZITROMED(AZITROMICINA) 500MG 3 CPR","qt_cx_master":100,"estoque":2057,"pendencia":0,"venda_mesatual":425,"qtvendmes1":265,"qtvendmes2":54,"qtvendmes3":0,"marca":"MEDQUIMICA","lista":"PO","ncm":"30032029.","codfornec":3263,"fornecedor":"MEDQUIMICA-INDUSTRIA FARMACEUTICA L","precofab":16.559999999999999,"vlultent":1.748},
{"cliente":"MEDQUIMICA","codfilial":3,"codprod":149381,"ean":7896862922085,"codfab":"6678","produto":"BOLDOBEBA FLAC 10ML DISPLAY 60 UNDS","qt_cx_master":12,"estoque":45,"pendencia":0,"venda_mesatual":28,"qtvendmes1":0,"qtvendmes2":16,"qtvendmes3":0,"marca":"MEDQUIMICA","lista":"NT","ncm":"13021190.3","codfornec":3263,"fornecedor":"MEDQUIMICA-INDUSTRIA FARMACEUTICA L","precofab":105,"vlultent":12.663055999999999},
{"cliente":"MEDQUIMICA","codfilial":3,"codprod":204137,"ean":7896862960216,"codfab":"14107","produto":"CALCIMED (SUPLEMENTO VIT) 240ML","qt_cx_master":25,"estoque":50,"pendencia":0,"venda_mesatual":0,"qtvendmes1":0,"qtvendmes2":0,"qtvendmes3":0,"marca":"MEDQUIMICA","lista":"PO","ncm":"30045090.","codfornec":3263,"fornecedor":"MEDQUIMICA-INDUSTRIA FARMACEUTICA L","precofab":9.48,"vlultent":4.7404999999999999},
{"cliente":"MEDQUIMICA","codfilial":3,"codprod":204136,"ean":7896862923372,"codfab":"15124","produto":"CAPTOPRIL 25MG 60 CPR GN MEDQUIMICA","qt_cx_master":80,"estoque":480,"pendencia":0,"venda_mesatual":0,"qtvendmes1":0,"qtvendmes2":0,"qtvendmes3":0,"marca":"MEDQUIMICA GEN","lista":"PO","ncm":"30049069.","codfornec":3263,"fornecedor":"MEDQUIMICA-INDUSTRIA FARMACEUTICA L","precofab":15.71,"vlultent":1.3110059999999999},
{"cliente":"MEDQUIMICA","codfilial":3,"codprod":133027,"ean":7896862980054,"codfab":"2646","produto":"CARBOCISTEINA XPEADT 50MGML 100ML GN MED","qt_cx_master":50,"estoque":35,"pendencia":0,"venda_mesatual":0,"qtvendmes1":8,"qtvendmes2":4,"qtvendmes3":3,"marca":"MEDQUIMICA GEN","lista":"NG","ncm":"30049057.2","codfornec":3263,"fornecedor":"MEDQUIMICA-INDUSTRIA FARMACEUTICA L","precofab":17.900000000000002,"vlultent":3.04},
{"cliente":"MEDQUIMICA","codfilial":3,"codprod":133035,"ean":7896862980061,"codfab":"2647","produto":"CARBOCISTEINA XPEINF 20MGML 100ML GN MED","qt_cx_master":50,"estoque":65,"pendencia":0,"venda_mesatual":0,"qtvendmes1":18,"qtvendmes2":13,"qtvendmes3":0,"marca":"MEDQUIMICA GEN","lista":"NG","ncm":"30049057.2","codfornec":3263,"fornecedor":"MEDQUIMICA-INDUSTRIA FARMACEUTICA L","precofab":12.200000000000001,"vlultent":2.54},
{"cliente":"MEDQUIMICA","codfilial":3,"codprod":24082,"ean":7896862910839,"codfab":"76","produto":"CEFALINA (ISOME+DIPI+CAFE) 100 CPR 25X4","qt_cx_master":35,"estoque":0,"pendencia":0,"venda_mesatual":0,"qtvendmes1":0,"qtvendmes2":0,"qtvendmes3":0,"marca":"MEDQUIMICA","lista":"NG","ncm":"30049099.2","codfornec":3263,"fornecedor":"MEDQUIMICA-INDUSTRIA FARMACEUTICA L","precofab":62.1,"vlultent":0.01},
{"cliente":"MEDQUIMICA","codfilial":3,"codprod":24104,"ean":7896862920043,"codfab":"93","produto":"CEFALINA (ISOME+DIPI+CAFE)20 DRG","qt_cx_master":100,"estoque":0,"pendencia":0,"venda_mesatual":0,"qtvendmes1":0,"qtvendmes2":0,"qtvendmes3":0,"marca":"MEDQUIMICA","lista":"NG","ncm":"30049099.2","codfornec":3263,"fornecedor":"MEDQUIMICA-INDUSTRIA FARMACEUTICA L","precofab":15.1,"vlultent":0.01},
{"cliente":"MEDQUIMICA","codfilial":3,"codprod":139289,"ean":7896862917715,"codfab":"4017","produto":"COMPLEXO B (COMPLEXO B) 50 CPR REV","qt_cx_master":112,"estoque":252,"pendencia":1008,"venda_mesatual":302,"qtvendmes1":110,"qtvendmes2":236,"qtvendmes3":219,"marca":"MEDQUIMICA","lista":"NG","ncm":"30039012.2","codfornec":3263,"fornecedor":"MEDQUIMICA-INDUSTRIA FARMACEUTICA L","precofab":19.23,"vlultent":2.9069909999999997},
{"cliente":"MEDQUIMICA","codfilial":3,"codprod":141925,"ean":7896862917708,"codfab":"4016","produto":"COMPLEXO B (COMPLEXO B)100 CPR REV","qt_cx_master":112,"estoque":546,"pendencia":224,"venda_mesatual":120,"qtvendmes1":0,"qtvendmes2":0,"qtvendmes3":32,"marca":"MEDQUIMICA","lista":"NG","ncm":"30039012.2","codfornec":3263,"fornecedor":"MEDQUIMICA-INDUSTRIA FARMACEUTICA L","precofab":28.62,"vlultent":4.3604959999999995},
{"cliente":"MEDQUIMICA","codfilial":3,"codprod":101966,"ean":7896862990022,"codfab":"115","produto":"COMPLEXO B(COMPLEXO B) XPE 100 ML","qt_cx_master":50,"estoque":673,"pendencia":300,"venda_mesatual":1021,"qtvendmes1":166,"qtvendmes2":584,"qtvendmes3":413,"marca":"MEDQUIMICA","lista":"NG","ncm":"30039012.2","codfornec":3263,"fornecedor":"MEDQUIMICA-INDUSTRIA FARMACEUTICA L","precofab":9.36,"vlultent":1.3015000000000001},
{"cliente":"MEDQUIMICA","codfilial":3,"codprod":95710,"ean":7896862912017,"codfab":"124","produto":"DELTAMETRIL (DELTAMETRINA) SHAMPOO 100ML","qt_cx_master":35,"estoque":216,"pendencia":0,"venda_mesatual":29,"qtvendmes1":25,"qtvendmes2":80,"qtvendmes3":82,"marca":"MEDQUIMICA","lista":"NG","ncm":"30039039.2","codfornec":3263,"fornecedor":"MEDQUIMICA-INDUSTRIA FARMACEUTICA L","precofab":12.9,"vlultent":3.1540000000000004},
{"cliente":"MEDQUIMICA","codfilial":3,"codprod":158909,"ean":7896862926014,"codfab":"10276","produto":"DIPIMED (DIPIRONA) 500 MG 200 CPR 20X10","qt_cx_master":24,"estoque":0,"pendencia":0,"venda_mesatual":0,"qtvendmes1":0,"qtvendmes2":0,"qtvendmes3":0,"marca":"MEDQUIMICA","lista":"NG","ncm":"30049099.2","codfornec":3263,"fornecedor":"MEDQUIMICA-INDUSTRIA FARMACEUTICA L","precofab":96.2,"vlultent":18.2},
{"cliente":"MEDQUIMICA","codfilial":3,"codprod":136506,"ean":7896862910013,"codfab":"74","produto":"DIPIMED(DIPIRONA) 500 MG 200 CPR 50X4","qt_cx_master":24,"estoque":3,"pendencia":0,"venda_mesatual":47,"qtvendmes1":2,"qtvendmes2":24,"qtvendmes3":0,"marca":"MEDQUIMICA","lista":"NG","ncm":"30049099.2","codfornec":3263,"fornecedor":"MEDQUIMICA-INDUSTRIA FARMACEUTICA L","precofab":96.2,"vlultent":17.29},
{"cliente":"MEDQUIMICA","codfilial":3,"codprod":103381,"ean":7896862940027,"codfab":"127","produto":"DIPIMED(DIPIRONA) GTS 50MG/ML 10 ML","qt_cx_master":480,"estoque":33772,"pendencia":0,"venda_mesatual":27959,"qtvendmes1":18436,"qtvendmes2":13519,"qtvendmes3":14005,"marca":"MEDQUIMICA","lista":"NG","ncm":"30049099.2","codfornec":3263,"fornecedor":"MEDQUIMICA-INDUSTRIA FARMACEUTICA L","precofab":3.94,"vlultent":0.65},
{"cliente":"MEDQUIMICA","codfilial":3,"codprod":127426,"ean":7896862940058,"codfab":"126","produto":"DIPIMED(DIPIRONA) GTS 50MG/ML 20 ML","qt_cx_master":180,"estoque":25757,"pendencia":0,"venda_mesatual":24483,"qtvendmes1":972,"qtvendmes2":9446,"qtvendmes3":4489,"marca":"MEDQUIMICA","lista":"NG","ncm":"30039099.2","codfornec":3263,"fornecedor":"MEDQUIMICA-INDUSTRIA FARMACEUTICA L","precofab":6.48,"vlultent":0.86552999999999991},
{"cliente":"MEDQUIMICA","codfilial":3,"codprod":108898,"ean":7896862910365,"codfab":"21","produto":"FLOXIMED (NORFLOXACINO) 400MG 14 CPR","qt_cx_master":66,"estoque":1,"pendencia":660,"venda_mesatual":659,"qtvendmes1":80,"qtvendmes2":270,"qtvendmes3":115,"marca":"MEDQUIMICA","lista":"PO","ncm":"30039077.","codfornec":3263,"fornecedor":"MEDQUIMICA-INDUSTRIA FARMACEUTICA L","precofab":18.32,"vlultent":1.9759939999999998},
{"cliente":"MEDQUIMICA","codfilial":3,"codprod":204147,"ean":7896862970567,"codfab":"14370","produto":"FLUCONAZOL 150MG 1 CPR GN MEDQUIMICA","qt_cx_master":100,"estoque":2947,"pendencia":0,"venda_mesatual":1053,"qtvendmes1":0,"qtvendmes2":760,"qtvendmes3":0,"marca":"MEDQUIMICA GEN","lista":"PO","ncm":"30039089.","codfornec":3263,"fornecedor":"MEDQUIMICA-INDUSTRIA FARMACEUTICA L","precofab":6.86,"vlultent":0.53200000000000003},
{"cliente":"MEDQUIMICA","codfilial":3,"codprod":133302,"ean":7896862970147,"codfab":"22","produto":"FLUCOVIL (FLUCONAZOL) 150 MG 1 CAP","qt_cx_master":100,"estoque":4831,"pendencia":0,"venda_mesatual":969,"qtvendmes1":1559,"qtvendmes2":2216,"qtvendmes3":1940,"marca":"MEDQUIMICA","lista":"PO","ncm":"30039089.","codfornec":3263,"fornecedor":"MEDQUIMICA-INDUSTRIA FARMACEUTICA L","precofab":6.86,"vlultent":0.437},
{"cliente":"MEDQUIMICA","codfilial":3,"codprod":136514,"ean":7896862970154,"codfab":"23","produto":"FLUCOVIL (FLUCONAZOL) 150 MG 2 CPR","qt_cx_master":100,"estoque":99,"pendencia":1000,"venda_mesatual":985,"qtvendmes1":28,"qtvendmes2":780,"qtvendmes3":0,"marca":"MEDQUIMICA","lista":"PO","ncm":"30039089.","codfornec":3263,"fornecedor":"MEDQUIMICA-INDUSTRIA FARMACEUTICA L","precofab":10.790000000000001,"vlultent":0.76},
{"cliente":"MEDQUIMICA","codfilial":3,"codprod":133981,"ean":7896862912024,"codfab":"2229","produto":"FUNGONAZOL(CETOCONAZOL) SHAMP 100 ML","qt_cx_master":35,"estoque":1007,"pendencia":350,"venda_mesatual":545,"qtvendmes1":245,"qtvendmes2":232,"qtvendmes3":254,"marca":"MEDQUIMICA","lista":"PO","ncm":"30039087.","codfornec":3263,"fornecedor":"MEDQUIMICA-INDUSTRIA FARMACEUTICA L","precofab":38.61,"vlultent":3.7810000000000001},
{"cliente":"MEDQUIMICA","codfilial":3,"codprod":99830,"ean":7896862910037,"codfab":"62","produto":"GASTROGEL(ALUM+MAGN+SIMET)20CPR MASTI","qt_cx_master":110,"estoque":188,"pendencia":0,"venda_mesatual":32,"qtvendmes1":106,"qtvendmes2":42,"qtvendmes3":53,"marca":"MEDQUIMICA","lista":"NG","ncm":"30039099.2","codfornec":3263,"fornecedor":"MEDQUIMICA-INDUSTRIA FARMACEUTICA L","precofab":9.48,"vlultent":1.8430279999999999},
{"cliente":"MEDQUIMICA","codfilial":3,"codprod":114090,"ean":7896862960049,"codfab":"117","produto":"GASTROGEL(ALUM+MAGN+SIMET)LARANJ150 ML","qt_cx_master":40,"estoque":336,"pendencia":1100,"venda_mesatual":384,"qtvendmes1":208,"qtvendmes2":404,"qtvendmes3":394,"marca":"MEDQUIMICA","lista":"NG","ncm":"30039099.2","codfornec":3263,"fornecedor":"MEDQUIMICA-INDUSTRIA FARMACEUTICA L","precofab":15.4,"vlultent":2.9260090000000001},
{"cliente":"MEDQUIMICA","codfilial":3,"codprod":38016,"ean":7896862910556,"codfab":"26","produto":"GLICONIL (GLIBENCLAMIDA) 5MG 30 CPR","qt_cx_master":102,"estoque":5678,"pendencia":2040,"venda_mesatual":953,"qtvendmes1":3409,"qtvendmes2":1599,"qtvendmes3":1911,"marca":"MEDQUIMICA","lista":"PO","ncm":"30049079.","codfornec":3263,"fornecedor":"MEDQUIMICA-INDUSTRIA FARMACEUTICA L","precofab":6.11,"vlultent":0.598499},
{"cliente":"MEDQUIMICA","codfilial":3,"codprod":127710,"ean":7896862920029,"codfab":"2710","produto":"GRIPINEW (DIPIR+CAFE+CLORFEN) 20 CPR REV","qt_cx_master":66,"estoque":784,"pendencia":660,"venda_mesatual":884,"qtvendmes1":162,"qtvendmes2":277,"qtvendmes3":88,"marca":"MEDQUIMICA","lista":"NG","ncm":"30039099.2","codfornec":3263,"fornecedor":"MEDQUIMICA-INDUSTRIA FARMACEUTICA L","precofab":14.200000000000001,"vlultent":1.58},
{"cliente":"MEDQUIMICA","codfilial":3,"codprod":143308,"ean":7896862920067,"codfab":"2712","produto":"GRIPINEW (DIPIR+CAFE+CLORFEN)150CAP 25X6","qt_cx_master":24,"estoque":217,"pendencia":0,"venda_mesatual":23,"qtvendmes1":119,"qtvendmes2":96,"qtvendmes3":114,"marca":"MEDQUIMICA","lista":"NG","ncm":"30045090.2","codfornec":3263,"fornecedor":"MEDQUIMICA-INDUSTRIA FARMACEUTICA L","precofab":109.2,"vlultent":13.233500000000001},
{"cliente":"MEDQUIMICA","codfilial":3,"codprod":161314,"ean":7896862918583,"codfab":"11997","produto":"HIDROCLOROTIAZIDA 25MG 30CPR GN MEDQ","qt_cx_master":102,"estoque":20631,"pendencia":0,"venda_mesatual":7527,"qtvendmes1":9937,"qtvendmes2":4536,"qtvendmes3":11662,"marca":"MEDQUIMICA GEN","lista":"PO","ncm":"30049079.","codfornec":3263,"fornecedor":"MEDQUIMICA-INDUSTRIA FARMACEUTICA L","precofab":2.9,"vlultent":0.55100000000000005},
{"cliente":"MEDQUIMICA","codfilial":3,"codprod":148067,"ean":7896862910648,"codfab":"5581","produto":"HIDROFLUX (HIDROCLOROT) 25MG 30 CPR","qt_cx_master":102,"estoque":1841,"pendencia":0,"venda_mesatual":505,"qtvendmes1":393,"qtvendmes2":876,"qtvendmes3":532,"marca":"MEDQUIMICA","lista":"PO","ncm":"30049079.","codfornec":3263,"fornecedor":"MEDQUIMICA-INDUSTRIA FARMACEUTICA L","precofab":3.08,"vlultent":0.55099199999999993},
{"cliente":"MEDQUIMICA","codfilial":3,"codprod":133310,"ean":7896862910129,"codfab":"34","produto":"HIDROFLUX (HIDROCLOROT) 50MG 20 CPR","qt_cx_master":100,"estoque":274,"pendencia":0,"venda_mesatual":26,"qtvendmes1":2,"qtvendmes2":28,"qtvendmes3":0,"marca":"MEDQUIMICA","lista":"PO","ncm":"30049079.","codfornec":3263,"fornecedor":"MEDQUIMICA-INDUSTRIA FARMACEUTICA L","precofab":4.3500000000000005,"vlultent":0.58900000000000008},
{"cliente":"MEDQUIMICA","codfilial":3,"codprod":132799,"ean":7896862960186,"codfab":"2358","produto":"HIDROXIMED (HIDROX ALUMINIO) 240 ML","qt_cx_master":25,"estoque":256,"pendencia":75,"venda_mesatual":69,"qtvendmes1":96,"qtvendmes2":103,"qtvendmes3":106,"marca":"MEDQUIMICA","lista":"NG","ncm":"30049099.2","codfornec":3263,"fornecedor":"MEDQUIMICA-INDUSTRIA FARMACEUTICA L","precofab":22.55,"vlultent":4.4080000000000004},
{"cliente":"MEDQUIMICA","codfilial":3,"codprod":162400,"ean":7896862990107,"codfab":"9366","produto":"HIDROXIZINA ORAL 10MG/5ML 100ML GN MEDQ","qt_cx_master":40,"estoque":443,"pendencia":600,"venda_mesatual":314,"qtvendmes1":304,"qtvendmes2":212,"qtvendmes3":268,"marca":"MEDQUIMICA GEN","lista":"NG","ncm":"30049067.2","codfornec":3263,"fornecedor":"MEDQUIMICA-INDUSTRIA FARMACEUTICA L","precofab":17.260000000000002,"vlultent":2.4985079999999997},
{"cliente":"MEDQUIMICA","codfilial":3,"codprod":150460,"ean":7896862960087,"codfab":"3984","produto":"IBUPROFENO 100MG/ML 20ML GN MEDQUIMICA","qt_cx_master":180,"estoque":2602,"pendencia":0,"venda_mesatual":1438,"qtvendmes1":526,"qtvendmes2":933,"qtvendmes3":0,"marca":"MEDQUIMICA GEN","lista":"NG","ncm":"30049029.2","codfornec":3263,"fornecedor":"MEDQUIMICA-INDUSTRIA FARMACEUTICA L","precofab":12.9,"vlultent":1.5390000000000001},
{"cliente":"MEDQUIMICA","codfilial":3,"codprod":139335,"ean":7896862960070,"codfab":"3985","produto":"IBUPROFENO 50MG/ML 30ML GN MEDQUIMICA","qt_cx_master":126,"estoque":912,"pendencia":0,"venda_mesatual":229,"qtvendmes1":189,"qtvendmes2":274,"qtvendmes3":0,"marca":"MEDQUIMICA GEN","lista":"NG","ncm":"30049029.2","codfornec":3263,"fornecedor":"MEDQUIMICA-INDUSTRIA FARMACEUTICA L","precofab":11.1,"vlultent":1.2159990000000001},
{"cliente":"MEDQUIMICA","codfilial":3,"codprod":158119,"ean":7896862940157,"codfab":"10365","produto":"IBUPROMED(IBUPROFENO)100MGML MORAN 20ML","qt_cx_master":200,"estoque":161,"pendencia":0,"venda_mesatual":39,"qtvendmes1":200,"qtvendmes2":227,"qtvendmes3":0,"marca":"MEDQUIMICA","lista":"NG","ncm":"30049029.2","codfornec":3263,"fornecedor":"MEDQUIMICA-INDUSTRIA FARMACEUTICA L","precofab":14.200000000000001,"vlultent":1.5390000000000001},
{"cliente":"MEDQUIMICA","codfilial":3,"codprod":158127,"ean":7896862940140,"codfab":"10364","produto":"IBUPROMED(IBUPROFENO)50MGML TUTFRUT30ML","qt_cx_master":126,"estoque":64,"pendencia":0,"venda_mesatual":62,"qtvendmes1":98,"qtvendmes2":160,"qtvendmes3":0,"marca":"MEDQUIMICA","lista":"NG","ncm":"30049029.2","codfornec":3263,"fornecedor":"MEDQUIMICA-INDUSTRIA FARMACEUTICA L","precofab":11.1,"vlultent":1.2159489999999999},
{"cliente":"MEDQUIMICA","codfilial":3,"codprod":136441,"ean":7896862910242,"codfab":"16","produto":"INFLAMEX (DICLOF SODICO) 50 MG 20 CPR","qt_cx_master":100,"estoque":396,"pendencia":500,"venda_mesatual":548,"qtvendmes1":102,"qtvendmes2":508,"qtvendmes3":0,"marca":"MEDQUIMICA","lista":"PO","ncm":"30039047.","codfornec":3263,"fornecedor":"MEDQUIMICA-INDUSTRIA FARMACEUTICA L","precofab":7.91,"vlultent":0.70000000000000007},
{"cliente":"MEDQUIMICA","codfilial":3,"codprod":99848,"ean":7896862980023,"codfab":"113","produto":"IODOFLUX(IODETO POTASSIO) 100 ML","qt_cx_master":50,"estoque":117,"pendencia":0,"venda_mesatual":28,"qtvendmes1":17,"qtvendmes2":8,"qtvendmes3":54,"marca":"MEDQUIMICA","lista":"NG","ncm":"30039099.2","codfornec":3263,"fornecedor":"MEDQUIMICA-INDUSTRIA FARMACEUTICA L","precofab":12.4,"vlultent":2.3654999999999999},
{"cliente":"MEDQUIMICA","codfilial":3,"codprod":154792,"ean":7896862910952,"codfab":"6872","produto":"LIVGAS (SIMETICONA) 40MG 20 CPR","qt_cx_master":100,"estoque":296,"pendencia":0,"venda_mesatual":104,"qtvendmes1":0,"qtvendmes2":66,"qtvendmes3":0,"marca":"MEDQUIMICA","lista":"NG","ncm":"30049099.2","codfornec":3263,"fornecedor":"MEDQUIMICA-INDUSTRIA FARMACEUTICA L","precofab":10.18,"vlultent":1.292},
{"cliente":"MEDQUIMICA","codfilial":3,"codprod":138835,"ean":7896862940065,"codfab":"3450","produto":"LIVGAS (SIMETICONA)75MG/ML 15ML CEREJA","qt_cx_master":180,"estoque":3584,"pendencia":2700,"venda_mesatual":2984,"qtvendmes1":4194,"qtvendmes2":3671,"qtvendmes3":3073,"marca":"MEDQUIMICA","lista":"NG","ncm":"30049099.2","codfornec":3263,"fornecedor":"MEDQUIMICA-INDUSTRIA FARMACEUTICA L","precofab":8.870000000000001,"vlultent":1.0450000000000002},
{"cliente":"MEDQUIMICA","codfilial":3,"codprod":168483,"ean":7896862923129,"codfab":"13122","produto":"LORATADINA 1MG/ML XPE GN MEDQUIMICA","qt_cx_master":50,"estoque":484,"pendencia":0,"venda_mesatual":217,"qtvendmes1":99,"qtvendmes2":201,"qtvendmes3":0,"marca":"MEDQUIMICA GEN","lista":"NG","ncm":"30049069.2","codfornec":3263,"fornecedor":"MEDQUIMICA-INDUSTRIA FARMACEUTICA L","precofab":16.48,"vlultent":2.13748},
{"cliente":"MEDQUIMICA","codfilial":3,"codprod":149730,"ean":7896862922160,"codfab":"7282","produto":"MEDCALL (CARBONATO DE CALCIO)500MG 60CPR","qt_cx_master":32,"estoque":75,"pendencia":0,"venda_mesatual":11,"qtvendmes1":7,"qtvendmes2":18,"qtvendmes3":0,"marca":"MEDQUIMICA","lista":"NG","ncm":"21069030.2","codfornec":3263,"fornecedor":"MEDQUIMICA-INDUSTRIA FARMACEUTICA L","precofab":35,"vlultent":4.34},
{"cliente":"MEDQUIMICA","codfilial":3,"codprod":101958,"ean":7896862990077,"codfab":"122","produto":"MEDTOM(FERRO+ASSOC) 420 ML","qt_cx_master":12,"estoque":12,"pendencia":24,"venda_mesatual":13,"qtvendmes1":36,"qtvendmes2":24,"qtvendmes3":14,"marca":"MEDQUIMICA","lista":"NG","ncm":"30039099.2","codfornec":3263,"fornecedor":"MEDQUIMICA-INDUSTRIA FARMACEUTICA L","precofab":21.900000000000002,"vlultent":3.96},
{"cliente":"MEDQUIMICA","codfilial":3,"codprod":108871,"ean":7896862960209,"codfab":"111","produto":"MEDTRIM (SULFA+TRIMET)200MG SUSP 100 ML","qt_cx_master":50,"estoque":5,"pendencia":300,"venda_mesatual":295,"qtvendmes1":0,"qtvendmes2":292,"qtvendmes3":45,"marca":"MEDQUIMICA","lista":"PO","ncm":"30039082.","codfornec":3263,"fornecedor":"MEDQUIMICA-INDUSTRIA FARMACEUTICA L","precofab":10.06,"vlultent":2.09},
{"cliente":"MEDQUIMICA","codfilial":3,"codprod":141780,"ean":7896862920104,"codfab":"4376","produto":"MOTIVOL (GINSENG) 100 MG 30 CPR","qt_cx_master":66,"estoque":0,"pendencia":0,"venda_mesatual":0,"qtvendmes1":0,"qtvendmes2":0,"qtvendmes3":0,"marca":"MEDQUIMICA","lista":"NG","ncm":"30039099.2","codfornec":3263,"fornecedor":"MEDQUIMICA-INDUSTRIA FARMACEUTICA L","precofab":29.72,"vlultent":0.01},
{"cliente":"MEDQUIMICA","codfilial":3,"codprod":161284,"ean":7898939974157,"codfab":"1816","produto":"MULTICAL D3 60 COMPRIMIDOS","qt_cx_master":50,"estoque":1742,"pendencia":0,"venda_mesatual":0,"qtvendmes1":0,"qtvendmes2":0,"qtvendmes3":0,"marca":"MEDQUIMICA","lista":"OM","ncm":"21069030.","codfornec":3263,"fornecedor":"MEDQUIMICA-INDUSTRIA FARMACEUTICA L","precofab":41.62,"vlultent":1E-3},
{"cliente":"MEDQUIMICA","codfilial":3,"codprod":139327,"ean":7896862940119,"codfab":"4167","produto":"NASALFLUX (NAFAZOLINA) ADT 30 ML","qt_cx_master":126,"estoque":627,"pendencia":1008,"venda_mesatual":1327,"qtvendmes1":44,"qtvendmes2":871,"qtvendmes3":0,"marca":"MEDQUIMICA","lista":"NG","ncm":"30049099.2","codfornec":3263,"fornecedor":"MEDQUIMICA-INDUSTRIA FARMACEUTICA L","precofab":6.67,"vlultent":0.63649},
{"cliente":"MEDQUIMICA","codfilial":3,"codprod":133329,"ean":7896862940126,"codfab":"2153","produto":"NASALFREE(CLOR SODIO)9,0MG/ML SPRAY 50ML","qt_cx_master":35,"estoque":40,"pendencia":0,"venda_mesatual":10,"qtvendmes1":3,"qtvendmes2":9,"qtvendmes3":0,"marca":"MEDQUIMICA","lista":"NG","ncm":"30039099.2","codfornec":3263,"fornecedor":"MEDQUIMICA-INDUSTRIA FARMACEUTICA L","precofab":11.14,"vlultent":2.6313279999999999},
{"cliente":"MEDQUIMICA","codfilial":3,"codprod":93050,"ean":7896862910747,"codfab":"46","produto":"NIFEDIPRESS RETARD(NIFEDIPINO)20MG 30CPR","qt_cx_master":100,"estoque":1012,"pendencia":0,"venda_mesatual":214,"qtvendmes1":207,"qtvendmes2":210,"qtvendmes3":290,"marca":"MEDQUIMICA","lista":"PO","ncm":"30039072.","codfornec":3263,"fornecedor":"MEDQUIMICA-INDUSTRIA FARMACEUTICA L","precofab":13.11,"vlultent":2.2990079999999997},
{"cliente":"MEDQUIMICA","codfilial":3,"codprod":136425,"ean":7896862910280,"codfab":"2803","produto":"NOVRALFLEX(DIPIR+ORFEN+CAFÉ) 30 CPR","qt_cx_master":80,"estoque":612,"pendencia":0,"venda_mesatual":0,"qtvendmes1":198,"qtvendmes2":198,"qtvendmes3":0,"marca":"MEDQUIMICA","lista":"NG","ncm":"30049012.2","codfornec":3263,"fornecedor":"MEDQUIMICA-INDUSTRIA FARMACEUTICA L","precofab":10.08,"vlultent":1.94},
{"cliente":"MEDQUIMICA","codfilial":3,"codprod":136433,"ean":7896862910938,"codfab":"2806","produto":"NOVRALFLEX(DIPIR+ORFEN+CAFÉ)200CPR 20X10","qt_cx_master":24,"estoque":469,"pendencia":0,"venda_mesatual":11,"qtvendmes1":2,"qtvendmes2":4,"qtvendmes3":0,"marca":"MEDQUIMICA","lista":"NG","ncm":"30049012.2","codfornec":3263,"fornecedor":"MEDQUIMICA-INDUSTRIA FARMACEUTICA L","precofab":67.2,"vlultent":14.88},
{"cliente":"MEDQUIMICA","codfilial":3,"codprod":163619,"ean":7896862918156,"codfab":"11900","produto":"PARACETAMOL 750MG 200CPR 20X10 GN MEDQ","qt_cx_master":12,"estoque":0,"pendencia":0,"venda_mesatual":0,"qtvendmes1":0,"qtvendmes2":0,"qtvendmes3":0,"marca":"MEDQUIMICA GEN","lista":"NG","ncm":"30039055.2","codfornec":3263,"fornecedor":"MEDQUIMICA-INDUSTRIA FARMACEUTICA L","precofab":110,"vlultent":11.200000000000001},
{"cliente":"MEDQUIMICA","codfilial":3,"codprod":163600,"ean":7896862918149,"codfab":"11899","produto":"PARACETAMOL 750MG 20CPR GN MEDQUIMICA","qt_cx_master":66,"estoque":0,"pendencia":0,"venda_mesatual":4,"qtvendmes1":0,"qtvendmes2":4,"qtvendmes3":0,"marca":"MEDQUIMICA GEN","lista":"NG","ncm":"30039055.2","codfornec":3263,"fornecedor":"MEDQUIMICA-INDUSTRIA FARMACEUTICA L","precofab":12.9,"vlultent":1.0900000000000001},
{"cliente":"MEDQUIMICA","codfilial":3,"codprod":136409,"ean":7896862910259,"codfab":"37","produto":"PRESSOFLUX (PROPRANOLOL) 40 MG 40 CPR","qt_cx_master":100,"estoque":105,"pendencia":0,"venda_mesatual":36,"qtvendmes1":70,"qtvendmes2":64,"qtvendmes3":8,"marca":"MEDQUIMICA","lista":"PO","ncm":"30049036.","codfornec":3263,"fornecedor":"MEDQUIMICA-INDUSTRIA FARMACEUTICA L","precofab":5.8500000000000005,"vlultent":0.88346399999999992},
{"cliente":"MEDQUIMICA","codfilial":3,"codprod":132802,"ean":7896862910969,"codfab":"48","produto":"PRESSOMEDE (ENALAPRIL) 10 MG 30 CPR","qt_cx_master":66,"estoque":1468,"pendencia":0,"venda_mesatual":50,"qtvendmes1":451,"qtvendmes2":456,"qtvendmes3":156,"marca":"MEDQUIMICA","lista":"PO","ncm":"30049069.","codfornec":3263,"fornecedor":"MEDQUIMICA-INDUSTRIA FARMACEUTICA L","precofab":15.4,"vlultent":1.083002},
{"cliente":"MEDQUIMICA","codfilial":3,"codprod":148059,"ean":7896862910464,"codfab":"49","produto":"PRESSOMEDE (ENALAPRIL) 20MG 30 CPR","qt_cx_master":66,"estoque":445,"pendencia":0,"venda_mesatual":221,"qtvendmes1":0,"qtvendmes2":223,"qtvendmes3":239,"marca":"MEDQUIMICA","lista":"PO","ncm":"30049069.","codfornec":3263,"fornecedor":"MEDQUIMICA-INDUSTRIA FARMACEUTICA L","precofab":23.41,"vlultent":1.587607},
{"cliente":"MEDQUIMICA","codfilial":3,"codprod":136476,"ean":7896862910884,"codfab":"2283","produto":"PRESSTOPRIL (CAPTOPRIL) 25 MG 30 CPR","qt_cx_master":102,"estoque":18,"pendencia":0,"venda_mesatual":84,"qtvendmes1":0,"qtvendmes2":126,"qtvendmes3":0,"marca":"MEDQUIMICA","lista":"PO","ncm":"30039079.","codfornec":3263,"fornecedor":"MEDQUIMICA-INDUSTRIA FARMACEUTICA L","precofab":8.98,"vlultent":0.61},
{"cliente":"MEDQUIMICA","codfilial":3,"codprod":136484,"ean":7896862910587,"codfab":"53","produto":"RANITIDIL(RANITIDINA) 150 MG 10 CPR","qt_cx_master":100,"estoque":0,"pendencia":300,"venda_mesatual":324,"qtvendmes1":86,"qtvendmes2":90,"qtvendmes3":66,"marca":"MEDQUIMICA","lista":"PO","ncm":"30039099.","codfornec":3263,"fornecedor":"MEDQUIMICA-INDUSTRIA FARMACEUTICA L","precofab":11.870000000000001,"vlultent":1.254},
{"cliente":"MEDQUIMICA","codfilial":3,"codprod":136492,"ean":7896862910624,"codfab":"60","produto":"RANITIDIL(RANITIDINA) 150 MG 20 CPR","qt_cx_master":80,"estoque":0,"pendencia":2800,"venda_mesatual":605,"qtvendmes1":725,"qtvendmes2":791,"qtvendmes3":735,"marca":"MEDQUIMICA","lista":"PO","ncm":"30039099.","codfornec":3263,"fornecedor":"MEDQUIMICA-INDUSTRIA FARMACEUTICA L","precofab":18.07,"vlultent":1.749725},
{"cliente":"MEDQUIMICA","codfilial":3,"codprod":133965,"ean":7896862918095,"codfab":"2669","produto":"RANITIDINA 150 MG 60 CPR GN MEDQUIMICA","qt_cx_master":100,"estoque":0,"pendencia":0,"venda_mesatual":0,"qtvendmes1":30,"qtvendmes2":0,"qtvendmes3":27,"marca":"MEDQUIMICA GEN","lista":"PO","ncm":"30049099.","codfornec":3263,"fornecedor":"MEDQUIMICA-INDUSTRIA FARMACEUTICA L","precofab":51.160000000000004,"vlultent":4.2},
{"cliente":"MEDQUIMICA","codfilial":3,"codprod":133957,"ean":7896862918071,"codfab":"2650","produto":"RANITIDINA 150MG 20 CPR GN MEDQUIMICA","qt_cx_master":80,"estoque":1052,"pendencia":0,"venda_mesatual":276,"qtvendmes1":257,"qtvendmes2":377,"qtvendmes3":273,"marca":"MEDQUIMICA GEN","lista":"PO","ncm":"30049099.","codfornec":3263,"fornecedor":"MEDQUIMICA-INDUSTRIA FARMACEUTICA L","precofab":21.330000000000002,"vlultent":1.7004979999999998},
{"cliente":"MEDQUIMICA","codfilial":3,"codprod":152439,"ean":7896862918460,"codfab":"4649","produto":"SIMETICONA 40MG 20 CPR GN MEDQUIMICA","qt_cx_master":100,"estoque":2031,"pendencia":0,"venda_mesatual":543,"qtvendmes1":82,"qtvendmes2":594,"qtvendmes3":0,"marca":"MEDQUIMICA GEN","lista":"NG","ncm":"30049099.2","codfornec":3263,"fornecedor":"MEDQUIMICA-INDUSTRIA FARMACEUTICA L","precofab":10.120000000000001,"vlultent":1.28},
{"cliente":"MEDQUIMICA","codfilial":3,"codprod":136018,"ean":7896862918187,"codfab":"3039","produto":"SIMETICONA 75MG/ML 15ML GN MEDQUIMICA","qt_cx_master":180,"estoque":1710,"pendencia":0,"venda_mesatual":182,"qtvendmes1":195,"qtvendmes2":335,"qtvendmes3":0,"marca":"MEDQUIMICA GEN","lista":"NG","ncm":"30049099.2","codfornec":3263,"fornecedor":"MEDQUIMICA-INDUSTRIA FARMACEUTICA L","precofab":9.4,"vlultent":1.2254939999999999},
{"cliente":"MEDQUIMICA","codfilial":3,"codprod":158038,"ean":7896862922207,"codfab":"7279","produto":"SUPREMUS PERFORMANCE POLIVITAM 60CPR","qt_cx_master":32,"estoque":11,"pendencia":0,"venda_mesatual":24,"qtvendmes1":6,"qtvendmes2":30,"qtvendmes3":0,"marca":"MEDQUIMICA","lista":"NT","ncm":"21069030.3","codfornec":3263,"fornecedor":"MEDQUIMICA-INDUSTRIA FARMACEUTICA L","precofab":35.980000000000004,"vlultent":9.8000000000000007},
{"cliente":"MEDQUIMICA","codfilial":3,"codprod":162388,"ean":7896862918675,"codfab":"12186","produto":"TENOXICAN 20MG 10 CPR GN MEDQUIMICA","qt_cx_master":100,"estoque":173,"pendencia":300,"venda_mesatual":227,"qtvendmes1":114,"qtvendmes2":96,"qtvendmes3":205,"marca":"MEDQUIMICA GEN","lista":"PO","ncm":"30039083.","codfornec":3263,"fornecedor":"MEDQUIMICA-INDUSTRIA FARMACEUTICA L","precofab":23.02,"vlultent":2.4510000000000001},
{"cliente":"MEDQUIMICA","codfilial":3,"codprod":127450,"ean":7896862910471,"codfab":"18","produto":"TENOXIL(TENOXICAN) 20 MG 10 CPR","qt_cx_master":100,"estoque":1300,"pendencia":0,"venda_mesatual":188,"qtvendmes1":16,"qtvendmes2":343,"qtvendmes3":324,"marca":"MEDQUIMICA","lista":"PO","ncm":"30039083.","codfornec":3263,"fornecedor":"MEDQUIMICA-INDUSTRIA FARMACEUTICA L","precofab":14.46,"vlultent":2.4510000000000001},
{"cliente":"MEDQUIMICA","codfilial":3,"codprod":132152,"ean":7896862918064,"codfab":"2152","produto":"TETRACICLINA 500MG 8 CAP GN MEDQUIMICA","qt_cx_master":100,"estoque":179,"pendencia":200,"venda_mesatual":221,"qtvendmes1":49,"qtvendmes2":132,"qtvendmes3":53,"marca":"MEDQUIMICA GEN","lista":"PO","ncm":"30032029.","codfornec":3263,"fornecedor":"MEDQUIMICA-INDUSTRIA FARMACEUTICA L","precofab":10.43,"vlultent":1.3205},
{"cliente":"MEDQUIMICA","codfilial":3,"codprod":132160,"ean":7896862918057,"codfab":"2151","produto":"TETRACICLINA 500MG 80CAP 20X4 GN MEDQ","qt_cx_master":50,"estoque":0,"pendencia":0,"venda_mesatual":0,"qtvendmes1":0,"qtvendmes2":0,"qtvendmes3":0,"marca":"MEDQUIMICA GEN","lista":"PO","ncm":"30032029.","codfornec":3263,"fornecedor":"MEDQUIMICA-INDUSTRIA FARMACEUTICA L","precofab":84.04,"vlultent":11.200000000000001},
{"cliente":"MEDQUIMICA","codfilial":3,"codprod":70777,"ean":7896862970031,"codfab":"93","produto":"TETRAMED(TETRACICLINA) 500MG 100CPR 24X4","qt_cx_master":50,"estoque":59,"pendencia":0,"venda_mesatual":41,"qtvendmes1":5,"qtvendmes2":45,"qtvendmes3":0,"marca":"MEDQUIMICA","lista":"PO","ncm":"30042099.","codfornec":3263,"fornecedor":"MEDQUIMICA-INDUSTRIA FARMACEUTICA L","precofab":74.55,"vlultent":14.06},
{"cliente":"MEDQUIMICA","codfilial":3,"codprod":148008,"ean":7896862970208,"codfab":"31","produto":"TETRAMED(TETRACICLINA)500MG 100CPR 10X10","qt_cx_master":50,"estoque":175,"pendencia":0,"venda_mesatual":25,"qtvendmes1":30,"qtvendmes2":33,"qtvendmes3":34,"marca":"MEDQUIMICA","lista":"PO","ncm":"30042099.","codfornec":3263,"fornecedor":"MEDQUIMICA-INDUSTRIA FARMACEUTICA L","precofab":74.55,"vlultent":14.06},
{"cliente":"MEDQUIMICA","codfilial":3,"codprod":101001,"ean":7896862940072,"codfab":"123","produto":"TYLAFLEX (PARACET) 200MG LARANJ GTS 15ML","qt_cx_master":180,"estoque":3254,"pendencia":0,"venda_mesatual":707,"qtvendmes1":98,"qtvendmes2":1064,"qtvendmes3":374,"marca":"MEDQUIMICA","lista":"NG","ncm":"30039055.2","codfornec":3263,"fornecedor":"MEDQUIMICA-INDUSTRIA FARMACEUTICA L","precofab":7.8,"vlultent":0.82649899999999998},
{"cliente":"MEDQUIMICA","codfilial":3,"codprod":111503,"ean":7896862910518,"codfab":"77","produto":"TYLAFLEX (PARACETAMOL)750 MG 200CPR 50X4","qt_cx_master":18,"estoque":0,"pendencia":236,"venda_mesatual":0,"qtvendmes1":0,"qtvendmes2":0,"qtvendmes3":0,"marca":"MEDQUIMICA","lista":"NG","ncm":"30039055.","codfornec":3263,"fornecedor":"MEDQUIMICA-INDUSTRIA FARMACEUTICA L","precofab":110,"vlultent":11},
{"cliente":"MEDQUIMICA","codfilial":3,"codprod":158917,"ean":7896862926021,"codfab":"10323","produto":"TYLAFLEX(PARACETAMOL)750MG 200CPR 20X10","qt_cx_master":12,"estoque":42,"pendencia":0,"venda_mesatual":39,"qtvendmes1":0,"qtvendmes2":14,"qtvendmes3":0,"marca":"MEDQUIMICA","lista":"NG","ncm":"30039055.2","codfornec":3263,"fornecedor":"MEDQUIMICA-INDUSTRIA FARMACEUTICA L","precofab":110,"vlultent":10.450000000000001},
{"cliente":"MEDQUIMICA","codfilial":3,"codprod":14648,"ean":7896862910068,"codfab":"65","produto":"VITAMINA (AC ASCORBICO) 500MG 20CPR","qt_cx_master":110,"estoque":133,"pendencia":600,"venda_mesatual":521,"qtvendmes1":234,"qtvendmes2":152,"qtvendmes3":279,"marca":"MEDQUIMICA","lista":"NG","ncm":"30039019.2","codfornec":3263,"fornecedor":"MEDQUIMICA-INDUSTRIA FARMACEUTICA L","precofab":14.200000000000001,"vlultent":2.5460089999999997},
{"cliente":"MEDQUIMICA","codfilial":3,"codprod":14656,"ean":7896862940034,"codfab":"121","produto":"VITAMINA C(AC ASCORBICO)GTS 20ML LARANJ","qt_cx_master":200,"estoque":631,"pendencia":600,"venda_mesatual":569,"qtvendmes1":351,"qtvendmes2":538,"qtvendmes3":226,"marca":"MEDQUIMICA","lista":"NG","ncm":"30039019.2","codfornec":3263,"fornecedor":"MEDQUIMICA-INDUSTRIA FARMACEUTICA L","precofab":6.8,"vlultent":1.2730000000000001},
{"cliente":"MEDQUIMICA","codfilial":3,"codprod":101974,"ean":7896862940041,"codfab":"106","produto":"VOMISTOP (METOCLOPRAMIDA) GTS 10ML","qt_cx_master":210,"estoque":645,"pendencia":0,"venda_mesatual":1299,"qtvendmes1":6,"qtvendmes2":654,"qtvendmes3":486,"marca":"MEDQUIMICA","lista":"NG","ncm":"30039051.2","codfornec":3263,"fornecedor":"MEDQUIMICA-INDUSTRIA FARMACEUTICA L","precofab":4.18,"vlultent":0.67450599999999994},
{"cliente":"MEDQUIMICA","codfilial":3,"codprod":2968,"ean":7896862917029,"codfab":"1040","produto":"Z ATROVEX (ESCOPOL+DIPI) 100 CPR 25X4","qt_cx_master":35,"estoque":0,"pendencia":0,"venda_mesatual":0,"qtvendmes1":0,"qtvendmes2":0,"qtvendmes3":0,"marca":"MEDQUIMICA","lista":"NG","ncm":"30049099.2","codfornec":3263,"fornecedor":"MEDQUIMICA-INDUSTRIA FARMACEUTICA L","precofab":46.22,"vlultent":10.32},
{"cliente":"MEDQUIMICA","codfilial":3,"codprod":115460,"ean":7896862910785,"codfab":"75","produto":"Z ATROVEX (ESCOPOLAM DIPIR) 20 CPR","qt_cx_master":100,"estoque":0,"pendencia":0,"venda_mesatual":0,"qtvendmes1":0,"qtvendmes2":0,"qtvendmes3":0,"marca":"MEDQUIMICA","lista":"NG","ncm":"30049099.2","codfornec":3263,"fornecedor":"MEDQUIMICA-INDUSTRIA FARMACEUTICA L","precofab":9.25,"vlultent":0.01},
{"cliente":"MEDQUIMICA","codfilial":3,"codprod":70750,"ean":7896862940096,"codfab":"130","produto":"Z ATROVEX (ESCOPOLAMDIPIRONA) GTS 20 ML","qt_cx_master":200,"estoque":0,"pendencia":0,"venda_mesatual":0,"qtvendmes1":0,"qtvendmes2":0,"qtvendmes3":0,"marca":"MEDQUIMICA","lista":"NG","ncm":"30049099.2","codfornec":3263,"fornecedor":"MEDQUIMICA-INDUSTRIA FARMACEUTICA L","precofab":5.7,"vlultent":0.01},
{"cliente":"MEDQUIMICA","codfilial":3,"codprod":127442,"ean":7896862960131,"codfab":"109","produto":"Z FUNGISTATINA (NISTATINA) SUSP 50ML","qt_cx_master":80,"estoque":0,"pendencia":0,"venda_mesatual":0,"qtvendmes1":0,"qtvendmes2":0,"qtvendmes3":0,"marca":"MEDQUIMICA","lista":"PO","ncm":"30039089.","codfornec":3263,"fornecedor":"MEDQUIMICA-INDUSTRIA FARMACEUTICA L","precofab":18.27,"vlultent":0.01},
{"cliente":"MEDQUIMICA","codfilial":3,"codprod":131270,"ean":7896862960193,"codfab":"2132","produto":"Z GASTROGEL LARANJA 240ML","qt_cx_master":25,"estoque":0,"pendencia":0,"venda_mesatual":0,"qtvendmes1":0,"qtvendmes2":0,"qtvendmes3":0,"marca":"MEDQUIMICA","lista":"NG","ncm":"30039099.2","codfornec":3263,"fornecedor":"MEDQUIMICA-INDUSTRIA FARMACEUTICA L","precofab":10.620000000000001,"vlultent":0.01},
{"cliente":"MEDQUIMICA","codfilial":3,"codprod":163597,"ean":7896862918347,"codfab":"3990","produto":"Z IBUPROFENO 400MG 20 CPR GN MEDQUIMICA","qt_cx_master":80,"estoque":0,"pendencia":0,"venda_mesatual":0,"qtvendmes1":0,"qtvendmes2":0,"qtvendmes3":0,"marca":"MEDQUIMICA GEN","lista":"NG","ncm":"30049029.2","codfornec":3263,"fornecedor":"MEDQUIMICA-INDUSTRIA FARMACEUTICA L","precofab":14.5,"vlultent":0.01},
{"cliente":"MEDQUIMICA","codfilial":3,"codprod":108880,"ean":7896862960117,"codfab":"110","produto":"Z MEDTRIM F(SULF+TRIMET)400MG SUSP 100ML","qt_cx_master":50,"estoque":0,"pendencia":0,"venda_mesatual":0,"qtvendmes1":0,"qtvendmes2":0,"qtvendmes3":0,"marca":"MEDQUIMICA","lista":"PO","ncm":"30039082.","codfornec":3263,"fornecedor":"MEDQUIMICA-INDUSTRIA FARMACEUTICA L","precofab":0,"vlultent":0.01},
{"cliente":"MEDQUIMICA","codfilial":3,"codprod":22896,"ean":7896862910662,"codfab":"56","produto":"Z PANTONAX (PANTOPRAZOL) 40MG 14CPR","qt_cx_master":100,"estoque":0,"pendencia":0,"venda_mesatual":0,"qtvendmes1":0,"qtvendmes2":0,"qtvendmes3":0,"marca":"MEDQUIMICA","lista":"PO","ncm":"30039099.","codfornec":3263,"fornecedor":"MEDQUIMICA-INDUSTRIA FARMACEUTICA L","precofab":27.54,"vlultent":0.01},
{"cliente":"MEDQUIMICA","codfilial":3,"codprod":139270,"ean":7896862920074,"codfab":"4064","produto":"Z PANTONAX (PANTOPRAZOL) 40MG 30CPR","qt_cx_master":80,"estoque":0,"pendencia":0,"venda_mesatual":0,"qtvendmes1":0,"qtvendmes2":0,"qtvendmes3":0,"marca":"MEDQUIMICA","lista":"PO","ncm":"30039099.","codfornec":3263,"fornecedor":"MEDQUIMICA-INDUSTRIA FARMACEUTICA L","precofab":68.040000000000006,"vlultent":0.01},
{"cliente":"MEDQUIMICA","codfilial":3,"codprod":133043,"ean":7896862910655,"codfab":"1","produto":"Z PANTONAX (PANTOPRAZOL) 40MG 7CPR","qt_cx_master":100,"estoque":0,"pendencia":0,"venda_mesatual":0,"qtvendmes1":0,"qtvendmes2":0,"qtvendmes3":0,"marca":"MEDQUIMICA","lista":"PO","ncm":"30039099.","codfornec":3263,"fornecedor":"MEDQUIMICA-INDUSTRIA FARMACEUTICA L","precofab":18.260000000000002,"vlultent":0.01},
{"cliente":"MEDQUIMICA","codfilial":3,"codprod":141933,"ean":7896862920111,"codfab":"4374","produto":"Z*MOTIVOL (GINSENG) 100 MG 60 CPR","qt_cx_master":35,"estoque":0,"pendencia":0,"venda_mesatual":0,"qtvendmes1":0,"qtvendmes2":0,"qtvendmes3":0,"marca":"MEDQUIMICA","lista":"NG","ncm":"30039099.2","codfornec":3263,"fornecedor":"MEDQUIMICA-INDUSTRIA FARMACEUTICA L","precofab":52.35,"vlultent":0.01}
]